{
  "success": true,
  "data": {
    "contacts": {
      "primary": {
        "number": "+91-11-23978046",
        "number-tollfree": "1075",
        "email": "ncov2019@gov.in",
        "twitter": "https://twitter.com/MoHFW_INDIA",
        "facebook": "https://www.facebook.com/MoHFWIndia",
        "media": [
          "https://pib.gov.in/newsite/pmreleases.aspx?mincode=31"
        ]
      },
      "regional": [
        {
          "loc": "Andhra Pradesh",
          "number": "+91-866-2410978"
        },
        {
          "loc": "Arunachal Pradesh",
          "number": "+91-9436055743"
        },
        {
          "loc": "Assam",
          "number": "+91-6913347770"
        },
        {
          "loc": "Bihar",
          "number": "104"
        },
        {
          "loc": "Chhattisgarh",
          "number": "104"
        },
        {
          "loc": "Goa",
          "number": "104"
        },
        {
          "loc": "Gujarat",
          "number": "104"
        },
        {
          "loc": "Haryana",
          "number": "+91-8558893911"
        },
        {
          "loc": "Himachal Pradesh",
          "number": "104"
        },
        {
          "loc": "Jharkhand",
          "number": "104"
        },
        {
          "loc": "Karnataka",
          "number": "104"
        },
        {
          "loc": "Kerala",
          "number": "+91-471-2552056"
        },
        {
          "loc": "Madhya Pradesh",
          "number": "+91-755-2527177"
        },
        {
          "loc": "Maharashtra",
          "number": "+91-20-26127394"
        },
        {
          "loc": "Manipur",
          "number": "+91-3852411668"
        },
        {
          "loc": "Meghalaya",
          "number": "108"
        },
        {
          "loc": "Mizoram",
          "number": "102"
        },
        {
          "loc": "Nagaland",
          "number": "+91-7005539653"
        },
        {
          "loc": "Odisha",
          "number": "+91-9439994859"
        },
        {
          "loc": "Punjab",
          "number": "104"
        },
        {
          "loc": "Rajasthan",
          "number": "+91-141-2225624"
        },
        {
          "loc": "Sikkim",
          "number": "104"
        },
        {
          "loc": "Tamil Nadu",
          "number": "+91-44-29510500"
        },
        {
          "loc": "Telengana",
          "number": "104"
        },
        {
          "loc": "Tripura",
          "number": "+91-381-2315879"
        },
        {
          "loc": "Uttarakhand",
          "number": "104"
        },
        {
          "loc": "Uttar Pradesh",
          "number": "18001805145"
        },
        {
          "loc": "West Bengal",
          "number": "1800313444222,+91-3323412600,"
        },
        {
          "loc": "Andaman and Nicobar Islands",
          "number": "+91-3192-232102"
        },
        {
          "loc": "Chandigarh",
          "number": "+91-9779558282"
        },
        {
          "loc": "Dadra and Nagar Haveli",
          "number": "104"
        },
        {
          "loc": "Daman & Diu",
          "number": "104"
        },
        {
          "loc": "Delhi",
          "number": "+91-11-22307145"
        },
        {
          "loc": "Jammu and Kashmir",
          "number": "+91-191-2520982,+91-194-2440283"
        },
        {
          "loc": "Ladakh",
          "number": "+91-1982-256462"
        },
        {
          "loc": "Lakshadweep",
          "number": "104"
        },
        {
          "loc": "Puducherry",
          "number": "104"
        }
      ]
    }
  },
  "lastRefreshed": "2020-03-22T12:43:00.000Z",
  "lastOriginUpdate": "2020-03-22T06:15:00.000Z"
}